{
    "Mean Reversion": "IBM",
    "Total Profit": 80.15516290092852,
    "Returns": 1.5221056297053022,
    "total time": 0.3276336193084717
}
{
    "Simple Moving Average": "IBM",
    "Total Profit": 32.07143271882575,
    "Returns": 0.6090201370356645,
    "total time": 0.49968934059143066
}
{
    "Bollinger": "IBM",
    "Total Profit": -91.94240533090979,
    "Number of Short Sells": 123,
    "Returns": -1.7459393468615039,
    "total time": 1.916203260421753
}
{
    "Mean Reversion": "MSFT",
    "Total Profit": 159.97697524921622,
    "Returns": 5.5405949865391335,
    "total time": 0.2101583480834961
}
{
    "Simple Moving Average": "MSFT",
    "Total Profit": 42.00186269979562,
    "Returns": 1.4546800221548308,
    "total time": 0.523292064666748
}
{
    "Bollinger": "MSFT",
    "Total Profit": -157.6741726857285,
    "Number of Short Sells": 157,
    "Returns": -5.4608404073668915,
    "total time": 4.821347713470459
}
{
    "Mean Reversion": "KO",
    "Total Profit": 40.62368894459897,
    "Returns": 2.6103527592195443,
    "total time": 0.15865230560302734
}
{
    "Simple Moving Average": "KO",
    "Total Profit": 9.195069723185583,
    "Returns": 0.5908467755320571,
    "total time": 0.5766353607177734
}
{
    "Bollinger": "KO",
    "Total Profit": -35.05435881621487,
    "Number of Short Sells": 91,
    "Returns": -2.2524848096234793,
    "total time": 0.10350418090820312
}
{
    "Mean Reversion": "IBM",
    "Total Profit": 80.15516290092852,
    "Returns": 1.5221056297053022,
    "total time": 0.21561360359191895
}
{
    "Simple Moving Average": "IBM",
    "Total Profit": 32.07143271882575,
    "Returns": 0.6090201370356645,
    "total time": 0.723595142364502
}
{
    "Bollinger": "IBM",
    "Total Profit": -91.94240533090979,
    "Number of Short Sells": 123,
    "Returns": -1.7459393468615039,
    "total time": 0.11496710777282715
}
{
    "Mean Reversion": "MSFT",
    "Total Profit": 159.97697524921622,
    "Returns": 5.5405949865391335,
    "total time": 0.23613524436950684
}
{
    "Simple Moving Average": "MSFT",
    "Total Profit": 42.00186269979562,
    "Returns": 1.4546800221548308,
    "total time": 0.48374390602111816
}
{
    "Bollinger": "MSFT",
    "Total Profit": -157.6741726857285,
    "Number of Short Sells": 157,
    "Returns": -5.4608404073668915,
    "total time": 6.639263153076172
}
{
    "Mean Reversion": "KO",
    "Total Profit": 40.62368894459897,
    "Returns": 2.6103527592195443,
    "total time": 0.17623496055603027
}
{
    "Simple Moving Average": "KO",
    "Total Profit": 9.195069723185583,
    "Returns": 0.5908467755320571,
    "total time": 0.25496697425842285
}
{
    "Bollinger": "KO",
    "Total Profit": -35.05435881621487,
    "Number of Short Sells": 91,
    "Returns": -2.2524848096234793,
    "total time": 0.532080888748169
}
{
    "Mean Reversion": "IBM",
    "Total Profit": 80.15516290092852,
    "Returns": 1.5221056297053022,
    "total time": 0.18992233276367188
}
{
    "Simple Moving Average": "IBM",
    "Total Profit": 32.07143271882575,
    "Returns": 0.6090201370356645,
    "total time": 0.5129659175872803
}
{
    "Bollinger": "IBM",
    "Total Profit": -91.94240533090979,
    "Number of Short Sells": 123,
    "Returns": -1.7459393468615039,
    "total time": 0.10269880294799805
}
{
    "Mean Reversion": "MSFT",
    "Total Profit": 159.97697524921622,
    "Returns": 5.5405949865391335,
    "total time": 0.19768834114074707
}
{
    "Simple Moving Average": "MSFT",
    "Total Profit": 42.00186269979562,
    "Returns": 1.4546800221548308,
    "total time": 0.42996740341186523
}
{
    "Mean Reversion": "IBM",
    "Total Profit": 80.15516290092852,
    "Returns": 1.5221056297053022,
    "total time": 0.19001984596252441
}
{
    "Simple Moving Average": "IBM",
    "Total Profit": 32.07143271882575,
    "Returns": 0.6090201370356645,
    "total time": 0.37363100051879883
}
{
    "Bollinger": "IBM",
    "Total Profit": -91.94240533090979,
    "Number of Short Sells": 123,
    "Returns": -1.7459393468615039,
    "total time": 0.1383986473083496
}
{
    "Mean Reversion": "KO",
    "Total Profit": 40.62368894459897,
    "Returns": 2.6103527592195443,
    "total time": 0.15265440940856934
}
{
    "Simple Moving Average": "KO",
    "Total Profit": 9.195069723185583,
    "Returns": 0.5908467755320571,
    "total time": 0.20989084243774414
}
{
    "Bollinger": "KO",
    "Total Profit": -35.05435881621487,
    "Number of Short Sells": 91,
    "Returns": -2.2524848096234793,
    "total time": 0.270280122756958
}
{
    "Mean Reversion": "MSFT",
    "Total Profit": 159.97697524921622,
    "Returns": 5.5405949865391335,
    "total time": 0.19686675071716309
}
{
    "Simple Moving Average": "MSFT",
    "Total Profit": 42.00186269979562,
    "Returns": 1.4546800221548308,
    "total time": 0.33765339851379395
}
{
    "Bollinger": "MSFT",
    "Total Profit": -157.6741726857285,
    "Number of Short Sells": 157,
    "Returns": -5.4608404073668915,
    "total time": 5.634329080581665
}
{
    "Mean Reversion": "AMZN",
    "Total Profit": 122.76331999999996,
    "Returns": 35.516655576450155,
    "total time": 0.2372887134552002
}
{
    "Simple Moving Average": "AMZN",
    "Total Profit": 65.61766999999982,
    "Returns": 18.98384782294223,
    "total time": 0.5185642242431641
}
{
    "Mean Reversion": "IBM",
    "Total Profit": 80.15516290092852,
    "Returns": 1.5221056297053022,
    "total time": 0.178070068359375
}
{
    "Simple Moving Average": "IBM",
    "Total Profit": 32.07143271882575,
    "Returns": 0.6090201370356645,
    "total time": 0.46417784690856934
}
{
    "Bollinger": "IBM",
    "Total Profit": -91.94240533090979,
    "Number of Short Sells": 123,
    "Returns": -1.7459393468615039,
    "total time": 0.10753059387207031
}
{
    "Mean Reversion": "KO",
    "Total Profit": 40.62368894459897,
    "Returns": 2.6103527592195443,
    "total time": 0.1513216495513916
}
{
    "Simple Moving Average": "KO",
    "Total Profit": 9.195069723185583,
    "Returns": 0.5908467755320571,
    "total time": 0.22318291664123535
}
{
    "Bollinger": "KO",
    "Total Profit": -35.05435881621487,
    "Number of Short Sells": 91,
    "Returns": -2.2524848096234793,
    "total time": 0.21740198135375977
}
{
    "Mean Reversion": "MSFT",
    "Total Profit": 159.97697524921622,
    "Returns": 5.5405949865391335,
    "total time": 0.19543886184692383
}
{
    "Simple Moving Average": "MSFT",
    "Total Profit": 42.00186269979562,
    "Returns": 1.4546800221548308,
    "total time": 0.3577280044555664
}
{
    "Bollinger": "MSFT",
    "Total Profit": -157.6741726857285,
    "Number of Short Sells": 157,
    "Returns": -5.4608404073668915,
    "total time": 5.344454288482666
}
{
    "Mean Reversion": "AMZN",
    "Total Profit": 122.76331999999996,
    "Returns": 35.516655576450155,
    "total time": 0.3463470935821533
}
{
    "Simple Moving Average": "AMZN",
    "Total Profit": 65.61766999999982,
    "Returns": 18.98384782294223,
    "total time": 0.2525768280029297
}
{
    "Mean Reversion": "IBM",
    "Total Profit": 80.15516290092852,
    "Returns": 1.5221056297053022,
    "total time": 0.16999506950378418
}
{
    "Simple Moving Average": "IBM",
    "Total Profit": 32.07143271882575,
    "Returns": 0.6090201370356645,
    "total time": 0.3238699436187744
}
{
    "Bollinger": "IBM",
    "Total Profit": -91.94240533090979,
    "Number of Short Sells": 123,
    "Returns": -1.7459393468615039,
    "total time": 0.24993443489074707
}
{
    "Mean Reversion": "KO",
    "Total Profit": 40.62368894459897,
    "Returns": 2.6103527592195443,
    "total time": 0.15159916877746582
}
{
    "Simple Moving Average": "KO",
    "Total Profit": 9.195069723185583,
    "Returns": 0.5908467755320571,
    "total time": 0.3697049617767334
}
{
    "Bollinger": "KO",
    "Total Profit": -35.05435881621487,
    "Number of Short Sells": 91,
    "Returns": -2.2524848096234793,
    "total time": 0.18519258499145508
}
{
    "Mean Reversion": "MSFT",